<?xml version="1.0" encoding="utf-8" ?> 
<!--********** Copyright 2016 Roku Corp.  All Rights Reserved. **********--> 

<!-- node that renders Episodes Screen 
    handles bookmark buttons
    handles start of video playback
 -->
<component name="Episodes" extends="Group" initialFocus="PosterGrid" >
    <interface>
        	        

        <!-- Episodes Content Node -->
        <field id="content" type="node" alias="PosterGrid.content" />
        <field id="episodesList" type="node"/>
        
                
        
        <!-- Row item selection handler -->
        <field id="itemSelected" type="intarray" alwaysnotify="true" alias="PosterGrid.itemSelected"/>
        
        <field id="allEpisodes" type="roArray" />
        
        <field id="canCallApi" type="bool"/>
        <field id="showName" type="string"/>        
        <field id="seasonUrl" type="string"/>
        <field id="seasonCount" type="string"/>
        <field id="epUrl" type="string"/>
        <field id="showTitle" type="string"/>
        
        <!-- Row item focused handler -->
        <field id="itemFocused" type="int" alias="PosterGrid.itemFocused" onChange="OnItemFocused"/>

        <!-- Interface to focused item (Content Node) -->
        <field id="focusedContent"  type="node"/>
    </interface>
    
    <!-- main handler -->
    <script type="text/brightscript" uri="pkg:/components/screens/Episodes/Episodes.brs" />
    <!--  itemComponentName = "MarkupGridItem" -->
    <children>
        <MarkupGrid 
		      id = "PosterGrid" 
		      translation = "[ 100, 100 ]" 
		      itemComponentName = "MarkupGridItem"
		      focusBitmapUri="pkg:/images/focus_grid.9.png"
		      numColumns = "4" 
		      numRows = "5" 
              itemSize = "[ 240, 180 ]" 
              itemSpacing="[32,32]"
		      />
        <!--  <PosterGrid
			  id="PosterGrid"
			  translation="[100,100]"
			  focusBitmapUri="pkg:/images/focus_grid.9.png"
			  basePosterSize="[240,150]"
			  itemSpacing="[32,32]"
			  caption1NumLines="1"
			  caption2NumLines="1"
			  numColumns="4"
			  numRows="3"/>-->
			  
        <Poster
			translation="[0, 650]"
            uri="pkg:/images/BG_dark_down.png"
            width="2000"
            height="95" />
        <BusySpinner 
            id = "BusySpinner" 
            visible = "false" />
    </children>
</component>